{
  "uci_har": {
    "samples_train": 7352,
    "samples_test": 2947,
    "subjects_train": 21,
    "subjects_test": 9,
    "models": {
      "random_forest": {
        "accuracy": 0.9263657957244655,
        "macro_f1": 0.9242678553215914,
        "classification_report": {
          "laying": {
            "precision": 1.0,
            "recall": 1.0,
            "f1-score": 1.0,
            "support": 537.0
          },
          "sitting": {
            "precision": 0.9275053304904051,
            "recall": 0.8859470468431772,
            "f1-score": 0.90625,
            "support": 491.0
          },
          "standing": {
            "precision": 0.8989169675090253,
            "recall": 0.9360902255639098,
            "f1-score": 0.9171270718232044,
            "support": 532.0
          },
          "walking": {
            "precision": 0.8860294117647058,
            "recall": 0.9717741935483871,
            "f1-score": 0.926923076923077,
            "support": 496.0
          },
          "walking_downstairs": {
            "precision": 0.9646739130434783,
            "recall": 0.8452380952380952,
            "f1-score": 0.9010152284263959,
            "support": 420.0
          },
          "walking_upstairs": {
            "precision": 0.8905263157894737,
            "recall": 0.8980891719745223,
            "f1-score": 0.8942917547568711,
            "support": 471.0
          },
          "accuracy": 0.9263657957244655,
          "macro avg": {
            "precision": 0.9279419897661815,
            "recall": 0.9228564555280152,
            "f1-score": 0.9242678553215914,
            "support": 2947.0
          },
          "weighted avg": {
            "precision": 0.9279607975690491,
            "recall": 0.9263657957244655,
            "f1-score": 0.9261187685080976,
            "support": 2947.0
          }
        }
      },
      "svm": {
        "accuracy": 0.9599592806243638,
        "macro_f1": 0.9603834970571133,
        "classification_report": {
          "laying": {
            "precision": 0.9962406015037594,
            "recall": 0.9869646182495344,
            "f1-score": 0.9915809167446211,
            "support": 537.0
          },
          "sitting": {
            "precision": 0.9573991031390134,
            "recall": 0.869653767820774,
            "f1-score": 0.9114194236926361,
            "support": 491.0
          },
          "standing": {
            "precision": 0.886986301369863,
            "recall": 0.9736842105263158,
            "f1-score": 0.9283154121863799,
            "support": 532.0
          },
          "walking": {
            "precision": 0.968503937007874,
            "recall": 0.9919354838709677,
            "f1-score": 0.9800796812749004,
            "support": 496.0
          },
          "walking_downstairs": {
            "precision": 0.9975369458128078,
            "recall": 0.9642857142857143,
            "f1-score": 0.9806295399515739,
            "support": 420.0
          },
          "walking_upstairs": {
            "precision": 0.970276008492569,
            "recall": 0.970276008492569,
            "f1-score": 0.970276008492569,
            "support": 471.0
          },
          "accuracy": 0.9599592806243638,
          "macro avg": {
            "precision": 0.9628238162209811,
            "recall": 0.9594666338743126,
            "f1-score": 0.9603834970571133,
            "support": 2947.0
          },
          "weighted avg": {
            "precision": 0.9614130793942403,
            "recall": 0.9599592806243638,
            "f1-score": 0.959902822293896,
            "support": 2947.0
          }
        }
      }
    },
    "best_model": "svm",
    "lstm": {
      "available": false,
      "reason": "LSTM training skipped."
    }
  },
  "pamap2": {
    "windows": 2008,
    "subjects": 8,
    "window_config": {
      "window_size": 200,
      "step_size": 100,
      "downsample": 3
    },
    "classical_models": {
      "random_forest": {
        "mean_accuracy": 0.930388167727786,
        "mean_macro_f1": 0.9282383911908907,
        "folds": [
          {
            "fold": 1,
            "accuracy": 0.8090909090909091,
            "macro_f1": 0.8142601229149716
          },
          {
            "fold": 2,
            "accuracy": 0.9659090909090909,
            "macro_f1": 0.9634085213032582
          },
          {
            "fold": 3,
            "accuracy": 0.9418604651162791,
            "macro_f1": 0.9365029165788178
          },
          {
            "fold": 4,
            "accuracy": 0.9887640449438202,
            "macro_f1": 0.9883917341036114
          },
          {
            "fold": 5,
            "accuracy": 0.9015151515151515,
            "macro_f1": 0.8944714254623295
          },
          {
            "fold": 6,
            "accuracy": 0.8713692946058091,
            "macro_f1": 0.8661517283648074
          },
          {
            "fold": 7,
            "accuracy": 0.9914163090128756,
            "macro_f1": 0.9903842278658614
          },
          {
            "fold": 8,
            "accuracy": 0.9731800766283525,
            "macro_f1": 0.9723364529334679
          }
        ],
        "classification_report": {
          "sitting": {
            "precision": 0.8867924528301887,
            "recall": 0.9215686274509803,
            "f1-score": 0.9038461538461539,
            "support": 612.0
          },
          "standing": {
            "precision": 0.9017713365539453,
            "recall": 0.8860759493670886,
            "f1-score": 0.8938547486033519,
            "support": 632.0
          },
          "walking": {
            "precision": 0.9973368841544608,
            "recall": 0.9803664921465969,
            "f1-score": 0.9887788778877887,
            "support": 764.0
          },
          "accuracy": 0.9327689243027888,
          "macro avg": {
            "precision": 0.9286335578461982,
            "recall": 0.929337022988222,
            "f1-score": 0.9288265934457648,
            "support": 2008.0
          },
          "weighted avg": {
            "precision": 0.9335666560399288,
            "recall": 0.9327689243027888,
            "f1-score": 0.9330164890325873,
            "support": 2008.0
          }
        }
      },
      "svm": {
        "mean_accuracy": 0.8886384795013447,
        "mean_macro_f1": 0.882391680485568,
        "folds": [
          {
            "fold": 1,
            "accuracy": 0.8,
            "macro_f1": 0.8046261305048902
          },
          {
            "fold": 2,
            "accuracy": 0.8863636363636364,
            "macro_f1": 0.8776463849839112
          },
          {
            "fold": 3,
            "accuracy": 0.8953488372093024,
            "macro_f1": 0.8873422627653026
          },
          {
            "fold": 4,
            "accuracy": 0.9588014981273408,
            "macro_f1": 0.956676245210728
          },
          {
            "fold": 5,
            "accuracy": 0.8674242424242424,
            "macro_f1": 0.8591174574842579
          },
          {
            "fold": 6,
            "accuracy": 0.8423236514522822,
            "macro_f1": 0.8357197967669613
          },
          {
            "fold": 7,
            "accuracy": 0.9699570815450643,
            "macro_f1": 0.959460695798724
          },
          {
            "fold": 8,
            "accuracy": 0.8888888888888888,
            "macro_f1": 0.8785444703697683
          }
        ],
        "classification_report": {
          "sitting": {
            "precision": 0.8008849557522124,
            "recall": 0.8872549019607843,
            "f1-score": 0.8418604651162791,
            "support": 612.0
          },
          "standing": {
            "precision": 0.8678260869565217,
            "recall": 0.7895569620253164,
            "f1-score": 0.8268434134217068,
            "support": 632.0
          },
          "walking": {
            "precision": 0.9867549668874173,
            "recall": 0.975130890052356,